修改后的问题,扩展场景,重写描述,增强模型
"<div class=""result-streaming markdown prose w-full break-words dark:prose-invert light""><h2>Modified Problem Description:</h2><p>The daycare center needs to transport children using buses and personal cars. The goal is to minimize the total number of vehicles used, subject to several constraints. The daycare must pick up at least a certain number of children and must use a mix of vehicles (buses and personal cars). Each bus has a fixed capacity, and each car has a smaller capacity. In this modified version of the problem, the following changes have been made:</p><ol><li>The total number of children to be picked up is now a variable that can change within a defined range.</li><li>The daycare must ensure that the number of buses is at least twice the number of personal cars to further reduce pollution.</li><li>The daycare must maintain an equal or higher ratio of children per vehicle for buses compared to cars, encouraging more efficient use of buses.</li></ol><h2>Modified Objective:</h2><p>Minimize the total number of vehicles used, which includes both buses and personal cars.</p><h2>Modified Constraints:</h2><ol><li><strong>Capacity Constraint</strong>: Ensure the total capacity of the buses and cars meets or exceeds the minimum number of children to be picked up.</li><li><strong>Car Limit Constraint</strong>: Ensure that at least a specified minimum number of personal cars are used.</li><li><strong>Pollution Constraint</strong>: Ensure that the number of buses is at least twice the number of personal cars (i.e., buses ≥ 2 * cars).</li><li><strong>Efficiency Constraint</strong>: Ensure the average number of children per vehicle is greater or equal for buses compared to cars.</li></ol><h2>Modified AMPL Code:</h2><pre class=""!overflow-visible""><div class=""contain-inline-size rounded-md border-[0.5px] border-token-border-medium relative bg-token-sidebar-surface-primary dark:bg-gray-950""><div class=""flex items-center text-token-text-secondary px-4 py-2 text-xs font-sans justify-between rounded-t-md h-9 bg-token-sidebar-surface-primary dark:bg-token-main-surface-secondary select-none"">AMPL</div><div class=""sticky top-9 md:top-[5.75rem]""><div class=""absolute bottom-0 right-2 flex h-9 items-center""><div class=""flex items-center rounded bg-token-sidebar-surface-primary px-2 font-sans text-xs text-token-text-secondary dark:bg-token-main-surface-secondary""><span class="""" data-state=""closed""><button class=""flex gap-1 items-center select-none py-1""><svg width=""24"" height=""24"" viewBox=""0 0 24 24"" fill=""none"" xmlns=""http://www.w3.org/2000/svg"" class=""icon-sm""><path fill-rule=""evenodd"" clip-rule=""evenodd"" d=""M7 5C7 3.34315 8.34315 2 10 2H19C20.6569 2 22 3.34315 22 5V14C22 15.6569 20.6569 17 19 17H17V19C17 20.6569 15.6569 22 14 22H5C3.34315 22 2 20.6569 2 19V10C2 8.34315 3.34315 7 5 7H7V5ZM9 7H14C15.6569 7 17 8.34315 17 10V15H19C19.5523 15 20 14.5523 20 14V5C20 4.44772 19.5523 4 19 4H10C9.44772 4 9 4.44772 9 5V7ZM5 9C4.44772 9 4 9.44772 4 10V19C4 19.5523 4.44772 20 5 20H14C14.5523 20 15 19.5523 15 19V10C15 9.44772 14.5523 9 14 9H5Z"" fill=""currentColor""></path></svg>复制代码</button></span></div></div></div><div class=""overflow-y-auto p-4"" dir=""ltr""><code class=""!whitespace-pre hljs language-AMPL""># Decision Variables
var buses &gt;= 0, integer;  # Number of buses
var cars &gt;= 0, integer;   # Number of cars

# Parameters
param min_children;  # Minimum number of children to pick up
param bus_capacity;  # Capacity of a bus
param car_capacity;  # Capacity of a car
param min_cars;      # Minimum number of cars required

# Objective: Minimize the total number of vehicles
minimize TotalVehicles: buses + cars;

# Constraints
subject to CapacityConstraint:
    bus_capacity * buses + car_capacity * cars &gt;= min_children;

subject to CarLimitConstraint:
    cars &gt;= min_cars;

subject to PollutionConstraint:
    buses &gt;= 2 * cars;  # More buses than cars (buses &gt;= 2 * cars)

subject to EfficiencyConstraint:
    (bus_capacity * buses / max(1, buses)) &gt;= (car_capacity * cars / max(1, cars)); # Average children per vehicle constraint

# Non-negativity and Integer Constraints
buses &gt;= 0, integer;
cars &gt;= 0, integer;
</code></div></div></pre><h2>Modified Data:</h2><pre class=""!overflow-visible""><div class=""contain-inline-size rounded-md border-[0.5px] border-token-border-medium relative bg-token-sidebar-surface-primary dark:bg-gray-950""><div class=""flex items-center text-token-text-secondary px-4 py-2 text-xs font-sans justify-between rounded-t-md h-9 bg-token-sidebar-surface-primary dark:bg-token-main-surface-secondary select-none"">AMPL</div><div class=""sticky top-9 md:top-[5.75rem]""><div class=""absolute bottom-0 right-2 flex h-9 items-center""><div class=""flex items-center rounded bg-token-sidebar-surface-primary px-2 font-sans text-xs text-token-text-secondary dark:bg-token-main-surface-secondary""><span class="""" data-state=""closed""><button class=""flex gap-1 items-center select-none py-1""><svg width=""24"" height=""24"" viewBox=""0 0 24 24"" fill=""none"" xmlns=""http://www.w3.org/2000/svg"" class=""icon-sm""><path fill-rule=""evenodd"" clip-rule=""evenodd"" d=""M7 5C7 3.34315 8.34315 2 10 2H19C20.6569 2 22 3.34315 22 5V14C22 15.6569 20.6569 17 19 17H17V19C17 20.6569 15.6569 22 14 22H5C3.34315 22 2 20.6569 2 19V10C2 8.34315 3.34315 7 5 7H7V5ZM9 7H14C15.6569 7 17 8.34315 17 10V15H19C19.5523 15 20 14.5523 20 14V5C20 4.44772 19.5523 4 19 4H10C9.44772 4 9 4.44772 9 5V7ZM5 9C4.44772 9 4 9.44772 4 10V19C4 19.5523 4.44772 20 5 20H14C14.5523 20 15 19.5523 15 19V10C15 9.44772 14.5523 9 14 9H5Z"" fill=""currentColor""></path></svg>复制代码</button></span></div></div></div><div class=""overflow-y-auto p-4"" dir=""ltr""><code class=""!whitespace-pre hljs language-AMPL""># Parameters
param min_children := 100;  # At least 100 children
param bus_capacity := 9;    # Bus can carry 9 children
param car_capacity := 4;    # Car can carry 4 children
param min_cars := 5;        # At least 5 cars needed
</code></div></div></pre><h2>Modified Definition:</h2><p>The daycare center faces several operational constraints while aiming to minimize the number of vehicles used for child transportation. The center has the flexibility to choose how many children to pick up within a specified range. The daycare must ensure that:</p><ul><li>The combined capacity of the buses and cars meets or exceeds the number of children to be transported.</li><li>At least a minimum number of personal cars are used.</li><li>There are at least twice as many buses as personal cars to reduce pollution.</li><li>The efficiency of transportation is optimized by ensuring that buses, on average, transport at least as many children per vehicle as personal cars.</li></ul><p>This revised problem formulation ensures both operational efficiency and adherence to environmental considerations.</p><hr><p>Let me know if you'd like any furt</p></div>","<div class=""result-streaming markdown prose w-full break-words dark:prose-invert light""><h2>New Problem Description:</h2><p>A daycare center needs to transport a group of children from various locations. The center has two types of vehicles at its disposal: buses and personal cars. The buses can carry a larger number of children, but the personal cars are required for situations where extra care is needed. The daycare needs to meet the following conditions:</p><ul><li>The center must pick up at least <code>min_children</code> children in total.</li><li>A bus can carry <code>bus_capacity</code> children, and a personal car can carry <code>car_capacity</code> children.</li><li>The total number of vehicles used should be minimized, subject to the following additional conditions:<ul><li>There must be more buses than personal cars (<code>buses &gt; cars</code>).</li><li>At least <code>min_cars</code> personal cars are required to cater to the children needing extra care.</li></ul></li></ul><p>The task is to determine how many buses and personal cars the daycare should schedule to minimize the total number of vehicles.</p><h2>New AMPL Code:</h2><pre class=""!overflow-visible""><div class=""contain-inline-size rounded-md border-[0.5px] border-token-border-medium relative bg-token-sidebar-surface-primary dark:bg-gray-950""><div class=""flex items-center text-token-text-secondary px-4 py-2 text-xs font-sans justify-between rounded-t-md h-9 bg-token-sidebar-surface-primary dark:bg-token-main-surface-secondary select-none"">ampl</div><div class=""sticky top-9 md:top-[5.75rem]""><div class=""absolute bottom-0 right-2 flex h-9 items-center""><div class=""flex items-center rounded bg-token-sidebar-surface-primary px-2 font-sans text-xs text-token-text-secondary dark:bg-token-main-surface-secondary""><span class="""" data-state=""closed""><button class=""flex gap-1 items-center select-none py-1""><svg width=""24"" height=""24"" viewBox=""0 0 24 24"" fill=""none"" xmlns=""http://www.w3.org/2000/svg"" class=""icon-sm""><path fill-rule=""evenodd"" clip-rule=""evenodd"" d=""M7 5C7 3.34315 8.34315 2 10 2H19C20.6569 2 22 3.34315 22 5V14C22 15.6569 20.6569 17 19 17H17V19C17 20.6569 15.6569 22 14 22H5C3.34315 22 2 20.6569 2 19V10C2 8.34315 3.34315 7 5 7H7V5ZM9 7H14C15.6569 7 17 8.34315 17 10V15H19C19.5523 15 20 14.5523 20 14V5C20 4.44772 19.5523 4 19 4H10C9.44772 4 9 4.44772 9 5V7ZM5 9C4.44772 9 4 9.44772 4 10V19C4 19.5523 4.44772 20 5 20H14C14.5523 20 15 19.5523 15 19V10C15 9.44772 14.5523 9 14 9H5Z"" fill=""currentColor""></path></svg>复制代码</button></span></div></div></div><div class=""overflow-y-auto p-4"" dir=""ltr""><code class=""!whitespace-pre hljs language-ampl""># Parameters
param min_children;        # Minimum number of children to be transported
param bus_capacity;        # Capacity of a bus
param car_capacity;        # Capacity of a personal car
param min_cars;            # Minimum number of cars required

# Decision Variables
var buses &gt;= 0, integer;   # Number of buses to schedule
var cars &gt;= 0, integer;    # Number of personal cars to schedule

# Objective: Minimize the total number of vehicles
minimize total_vehicles: buses + cars;

# Constraints
# 1. Total children to be transported must be at least min_children
subject to children_constraint:
    bus_capacity * buses + car_capacity * cars &gt;= min_children;

# 2. More buses than cars
subject to more_buses_than_cars:
    buses &gt; cars;

# 3. At least min_cars cars are required
subject to min_cars_constraint:
    cars &gt;= min_cars;
</code></div></div></pre><h2>New Data:</h2><pre class=""!overflow-visible""><div class=""contain-inline-size rounded-md border-[0.5px] border-token-border-medium relative bg-token-sidebar-surface-primary dark:bg-gray-950""><div class=""flex items-center text-token-text-secondary px-4 py-2 text-xs font-sans justify-between rounded-t-md h-9 bg-token-sidebar-surface-primary dark:bg-token-main-surface-secondary select-none"">ampl</div><div class=""sticky top-9 md:top-[5.75rem]""><div class=""absolute bottom-0 right-2 flex h-9 items-center""><div class=""flex items-center rounded bg-token-sidebar-surface-primary px-2 font-sans text-xs text-token-text-secondary dark:bg-token-main-surface-secondary""><span class="""" data-state=""closed""><button class=""flex gap-1 items-center select-none py-1""><svg width=""24"" height=""24"" viewBox=""0 0 24 24"" fill=""none"" xmlns=""http://www.w3.org/2000/svg"" class=""icon-sm""><path fill-rule=""evenodd"" clip-rule=""evenodd"" d=""M7 5C7 3.34315 8.34315 2 10 2H19C20.6569 2 22 3.34315 22 5V14C22 15.6569 20.6569 17 19 17H17V19C17 20.6569 15.6569 22 14 22H5C3.34315 22 2 20.6569 2 19V10C2 8.34315 3.34315 7 5 7H7V5ZM9 7H14C15.6569 7 17 8.34315 17 10V15H19C19.5523 15 20 14.5523 20 14V5C20 4.44772 19.5523 4 19 4H10C9.44772 4 9 4.44772 9 5V7ZM5 9C4.44772 9 4 9.44772 4 10V19C4 19.5523 4.44772 20 5 20H14C14.5523 20 15 19.5523 15 19V10C15 9.44772 14.5523 9 14 9H5Z"" fill=""currentColor""></path></svg>复制代码</button></span></div></div></div><div class=""overflow-y-auto p-4"" dir=""ltr""><code class=""!whitespace-pre hljs language-ampl""># Data
param min_children := 100;   # At least 100 children
param bus_capacity := 9;      # Each bus can carry 9 children
param car_capacity := 4;      # Each personal car can carry 4 children
param min_cars := 5;          # At least 5 cars are required
</code></div></div></pre><h2>New Definition:</h2><ul><li><strong>min_children</strong>: Minimum number of children that need to be transported (input data).</li><li><strong>bus_capacity</strong>: The number of children a bus can carry (input data).</li><li><strong>car_capacity</strong>: The number of children a personal car can carry (input data).</li><li><strong>min_cars</strong>: The minimum number of personal cars required to accommodate children needing special attention (input data).</li><li><strong>buses</strong>: The number of buses to schedule (decision variable).</li><li><strong>cars</strong>: The number of personal cars to schedule (decision variable).</li></ul><p>This formulation defines an optimization problem to minimize the total number of vehicles while satisfying the transportation require</p></div>","<div class=""result-streaming markdown prose w-full break-words dark:prose-invert light""><h2>Rewritten Problem Description:</h2><p>A daycare center is responsible for picking up children using two types of vehicles: buses and personal cars. The capacity of a bus is given by <code>bus_capacity</code>, while a personal car can carry up to <code>car_capacity</code> children. The daycare must ensure that at least <code>min_children</code> children are picked up. Additionally, due to pollution restrictions, the number of buses used must exceed the number of personal cars. Furthermore, at least <code>min_cars</code> personal cars are required to meet specific needs.</p><p>The goal is to determine the optimal number of buses and personal cars to schedule in order to minimize the total number of vehicles used (<code>buses + cars</code>), while satisfying the following constraints:</p><ol><li><strong>Capacity Constraint</strong>: The combined capacity of the buses and cars must be sufficient to transport at least <code>min_children</code> children.</li><li><strong>Car Limit Constraint</strong>: At least <code>min_cars</code> personal cars must be used.</li><li><strong>Pollution Constraint</strong>: The number of buses must strictly exceed the number of personal cars.</li><li><strong>Non-Negativity and Integer Constraints</strong>: The number of buses and personal cars must be non-negative integers.</li></ol><h3>Mathematical Model</h3><h4>Decision Variables:</h4><ul><li><code>buses</code>: Number of buses used (non-negative integer).</li><li><code>cars</code>: Number of personal cars used (non-negative integer).</li></ul><h4>Objective Function:</h4><p>Minimize the total number of vehicles:</p><span class=""katex-display"" style=""""><span class=""katex""><span class=""katex-mathml""><math xmlns=""http://www.w3.org/1998/Math/MathML"" display=""block""><semantics><mrow><mtext>Minimize</mtext><mo>:</mo><mtext>buses</mtext><mo>+</mo><mtext>cars</mtext></mrow><annotation encoding=""application/x-tex"">\text{Minimize}: \text{buses} + \text{cars}</annotation></semantics></math></span><span class=""katex-html"" aria-hidden=""true""><span class=""base""><span class=""strut"" style=""height: 0.6833em;""></span><span class=""mord text""><span class=""mord"">Minimize</span></span><span class=""mspace"" style=""margin-right: 0.2778em;""></span><span class=""mrel"">:</span><span class=""mspace"" style=""margin-right: 0.2778em;""></span></span><span class=""base""><span class=""strut"" style=""height: 0.7778em; vertical-align: -0.0833em;""></span><span class=""mord text""><span class=""mord"">buses</span></span><span class=""mspace"" style=""margin-right: 0.2222em;""></span><span class=""mbin"">+</span><span class=""mspace"" style=""margin-right: 0.2222em;""></span></span><span class=""base""><span class=""strut"" style=""height: 0.4306em;""></span><span class=""mord text""><span class=""mord"">cars</span></span></span></span></span></span><h4>Constraints:</h4><ol><li><strong>Capacity Constraint</strong>:</li></ol><span class=""katex-error"" title=""ParseError: KaTeX parse error: Expected 'EOF', got '_' at position 10: \text{bus_̲capacity} \time…"" style=""color: rgb(204, 0, 0);"">\text{bus_capacity} \times \text{buses} + \text{car_capacity} \times \text{cars} \geq \text{min_children}</span><ol start=""2""><li><strong>Car Limit Constraint</strong>:</li></ol><span class=""katex-error"" title=""ParseError: KaTeX parse error: Expected 'EOF', got '_' at position 27: … \geq \text{min_̲cars}"" style=""color: rgb(204, 0, 0);"">\text{cars} \geq \text{min_cars}</span><ol start=""3""><li><strong>Pollution Constraint</strong>:</li></ol><span class=""katex-display"" style=""""><span class=""katex""><span class=""katex-mathml""><math xmlns=""http://www.w3.org/1998/Math/MathML"" display=""block""><semantics><mrow><mtext>buses</mtext><mo>&gt;</mo><mtext>cars</mtext></mrow><annotation encoding=""application/x-tex"">\text{buses} &gt; \text{cars}</annotation></semantics></math></span><span class=""katex-html"" aria-hidden=""true""><span class=""base""><span class=""strut"" style=""height: 0.7335em; vertical-align: -0.0391em;""></span><span class=""mord text""><span class=""mord"">buses</span></span><span class=""mspace"" style=""margin-right: 0.2778em;""></span><span class=""mrel"">&gt;</span><span class=""mspace"" style=""margin-right: 0.2778em;""></span></span><span class=""base""><span class=""strut"" style=""height: 0.4306em;""></span><span class=""mord text""><span class=""mord"">cars</span></span></span></span></span></span><ol start=""4""><li><strong>Non-Negativity and Integer Constraints</strong>:</li></ol><span class=""katex-display"" style=""""><span class=""katex""><span class=""katex-mathml""><math xmlns=""http://www.w3.org/1998/Math/MathML"" display=""block""><semantics><mrow><mtext>buses</mtext><mo>≥</mo><mn>0</mn><mo separator=""true"">,</mo><mspace width=""1em""></mspace><mtext>integer</mtext><mo separator=""true"">,</mo><mspace width=""1em""></mspace><mtext>cars</mtext><mo>≥</mo><mn>0</mn><mo separator=""true"">,</mo><mspace width=""1em""></mspace><mtext>integer</mtext></mrow><annotation encoding=""application/x-tex"">\text{buses} \geq 0, \quad \text{integer}, \quad \text{cars} \geq 0, \quad \text{integer}</annotation></semantics></math></span><span class=""katex-html"" aria-hidden=""true""><span class=""base""><span class=""strut"" style=""height: 0.8304em; vertical-align: -0.136em;""></span><span class=""mord text""><span class=""mord"">buses</span></span><span class=""mspace"" style=""margin-right: 0.2778em;""></span><span class=""mrel"">≥</span><span class=""mspace"" style=""margin-right: 0.2778em;""></span></span><span class=""base""><span class=""strut"" style=""height: 0.8623em; vertical-align: -0.1944em;""></span><span class=""mord"">0</span><span class=""mpunct"">,</span><span class=""mspace"" style=""margin-right: 1em;""></span><span class=""mspace"" style=""margin-right: 0.1667em;""></span><span class=""mord text""><span class=""mord"">integer</span></span><span class=""mpunct"">,</span><span class=""mspace"" style=""margin-right: 1em;""></span><span class=""mspace"" style=""margin-right: 0.1667em;""></span><span class=""mord text""><span class=""mord"">cars</span></span><span class=""mspace"" style=""margin-right: 0.2778em;""></span><span class=""mrel"">≥</span><span class=""mspace"" style=""margin-right: 0.2778em;""></span></span><span class=""base""><span class=""strut"" style=""height: 0.8623em; vertical-align: -0.1944em;""></span><span class=""mord"">0</span><span class=""mpunct"">,</span><span class=""mspace"" style=""margin-right: 1em;""></span><span class=""mspace"" style=""margin-right: 0.1667em;""></span><span class=""mord text""><span class=""mord"">integer</span></span></span></span></span></span><h2>Unchanged AMPL Code:</h2><pre class=""!overflow-visible""><div class=""contain-inline-size rounded-md border-[0.5px] border-token-border-medium relative bg-token-sidebar-surface-primary dark:bg-gray-950""><div class=""flex items-center text-token-text-secondary px-4 py-2 text-xs font-sans justify-between rounded-t-md h-9 bg-token-sidebar-surface-primary dark:bg-token-main-surface-secondary select-none"">AMPL</div><div class=""sticky top-9 md:top-[5.75rem]""><div class=""absolute bottom-0 right-2 flex h-9 items-center""><div class=""flex items-center rounded bg-token-sidebar-surface-primary px-2 font-sans text-xs text-token-text-secondary dark:bg-token-main-surface-secondary""><span class="""" data-state=""closed""><button class=""flex gap-1 items-center select-none py-1""><svg width=""24"" height=""24"" viewBox=""0 0 24 24"" fill=""none"" xmlns=""http://www.w3.org/2000/svg"" class=""icon-sm""><path fill-rule=""evenodd"" clip-rule=""evenodd"" d=""M7 5C7 3.34315 8.34315 2 10 2H19C20.6569 2 22 3.34315 22 5V14C22 15.6569 20.6569 17 19 17H17V19C17 20.6569 15.6569 22 14 22H5C3.34315 22 2 20.6569 2 19V10C2 8.34315 3.34315 7 5 7H7V5ZM9 7H14C15.6569 7 17 8.34315 17 10V15H19C19.5523 15 20 14.5523 20 14V5C20 4.44772 19.5523 4 19 4H10C9.44772 4 9 4.44772 9 5V7ZM5 9C4.44772 9 4 9.44772 4 10V19C4 19.5523 4.44772 20 5 20H14C14.5523 20 15 19.5523 15 19V10C15 9.44772 14.5523 9 14 9H5Z"" fill=""currentColor""></path></svg>复制代码</button></span></div></div></div><div class=""overflow-y-auto p-4"" dir=""ltr""><code class=""!whitespace-pre hljs language-AMPL"">var buses &gt;= 0, integer;  # Number of buses
var cars &gt;= 0, integer;   # Number of cars

# Parameters
param min_children;  # Minimum number of children to pick up
param bus_capacity;  # Capacity of a bus
param car_capacity;  # Capacity of a car
param min_cars;      # Minimum number of cars required

# Objective
minimize TotalVehicles: buses + cars;

# Constraints
subject to CapacityConstraint:    
    bus_capacity * buses + car_capacity * cars &gt;= min_children;
subject to CarLimitConstraint:    
    cars &gt;= min_cars;
subject to PollutionConstraint:    
    buses &gt; cars;  # More buses than cars
</code></div></div></pre><h2>Unchanged Data:</h2><pre class=""!overflow-visible""><div class=""contain-inline-size rounded-md border-[0.5px] border-token-border-medium relative bg-token-sidebar-surface-primary dark:bg-gray-950""><div class=""flex items-center text-token-text-secondary px-4 py-2 text-xs font-sans justify-between rounded-t-md h-9 bg-token-sidebar-surface-primary dark:bg-token-main-surface-secondary select-none"">AMPL</div><div class=""sticky top-9 md:top-[5.75rem]""><div class=""absolute bottom-0 right-2 flex h-9 items-center""><div class=""flex items-center rounded bg-token-sidebar-surface-primary px-2 font-sans text-xs text-token-text-secondary dark:bg-token-main-surface-secondary""><span class="""" data-state=""closed""><button class=""flex gap-1 items-center select-none py-1""><svg width=""24"" height=""24"" viewBox=""0 0 24 24"" fill=""none"" xmlns=""http://www.w3.org/2000/svg"" class=""icon-sm""><path fill-rule=""evenodd"" clip-rule=""evenodd"" d=""M7 5C7 3.34315 8.34315 2 10 2H19C20.6569 2 22 3.34315 22 5V14C22 15.6569 20.6569 17 19 17H17V19C17 20.6569 15.6569 22 14 22H5C3.34315 22 2 20.6569 2 19V10C2 8.34315 3.34315 7 5 7H7V5ZM9 7H14C15.6569 7 17 8.34315 17 10V15H19C19.5523 15 20 14.5523 20 14V5C20 4.44772 19.5523 4 19 4H10C9.44772 4 9 4.44772 9 5V7ZM5 9C4.44772 9 4 9.44772 4 10V19C4 19.5523 4.44772 20 5 20H14C14.5523 20 15 19.5523 15 19V10C15 9.44772 14.5523 9 14 9H5Z"" fill=""currentColor""></path></svg>复制代码</button></span></div></div></div><div class=""overflow-y-auto p-4"" dir=""ltr""><code class=""!whitespace-pre hljs language-AMPL""># Parameters
param min_children := 100;  # At least 100 children
param bus_capacity := 9;    # Bus can carry 9 children
param car_capacity := 4;    # Car can carry 4 children
param min_cars := 5;        # At least 5 cars needed
</code></div></div></pre><h2>Unchanged Definition:</h2><pre class=""!overflow-visible""><div class=""contain-inline-size rounded-md border-[0.5px] border-token-border-medium relative bg-token-sidebar-surface-primary dark:bg-gray-950""><div class=""flex items-center text-token-text-secondary px-4 py-2 text-xs font-sans justify-between rounded-t-md h-9 bg-token-sidebar-surface-primary dark:bg-token-main-surface-secondary select-none"">json</div><div class=""sticky top-9 md:top-[5.75rem]""><div class=""absolute bottom-0 right-2 flex h-9 items-center""><div class=""flex items-center rounded bg-token-sidebar-surface-primary px-2 font-sans text-xs text-token-text-secondary dark:bg-token-main-surface-secondary""><span class="""" data-state=""closed""><button class=""flex gap-1 items-center select-none py-1""><svg width=""24"" height=""24"" viewBox=""0 0 24 24"" fill=""none"" xmlns=""http://www.w3.org/2000/svg"" class=""icon-sm""><path fill-rule=""evenodd"" clip-rule=""evenodd"" d=""M7 5C7 3.34315 8.34315 2 10 2H19C20.6569 2 22 3.34315 22 5V14C22 15.6569 20.6569 17 19 17H17V19C17 20.6569 15.6569 22 14 22H5C3.34315 22 2 20.6569 2 19V10C2 8.34315 3.34315 7 5 7H7V5ZM9 7H14C15.6569 7 17 8.34315 17 10V15H19C19.5523 15 20 14.5523 20 14V5C20 4.44772 19.5523 4 19 4H10C9.44772 4 9 4.44772 9 5V7ZM5 9C4.44772 9 4 9.44772 4 10V19C4 19.5523 4.44772 20 5 20H14C14.5523 20 15 19.5523 15 19V10C15 9.44772 14.5523 9 14 9H5Z"" fill=""currentColor""></path></svg>复制代码</button></span></div></div></div><div class=""overflow-y-auto p-4"" dir=""ltr""><code class=""!whitespace-pre hljs language-json""><span class=""hljs-punctuation"">{</span>
    <span class=""hljs-attr"">""min_children""</span><span class=""hljs-punctuation"">:</span> min_children<span class=""hljs-punctuation"">,</span>
    <span class=""hljs-attr"">""bus_capacity""</span><span class=""hljs-punctuation"">:</span> bus_capacity<span class=""hljs-punctuation"">,</span>
    <span class=""hljs-attr"">""car_capacity""</span><span class=""hljs-punctuation"">:</span> car_ca
</code></div></div></pre></div>","<div class=""result-streaming markdown prose w-full break-words dark:prose-invert light""><p>To enhance the original optimization problem, we can use the <strong>Big M method</strong>, <strong>auxiliary variables</strong>, and other techniques to handle the constraints and improve model robustness. I'll incorporate these methods into the model and provide the updated AMPL code, data, and definition.</p><h3>Enhanced Mathematical Model:</h3><h4>Decision Variables:</h4><ul><li>Let <code>buses</code> (integer, non-negative) represent the number of buses used.</li><li>Let <code>cars</code> (integer, non-negative) represent the number of personal cars used.</li><li>Introduce an auxiliary binary variable <code>is_buses_more_than_cars</code> to model the constraint that the number of buses must be strictly greater than the number of cars. This variable will be useful to relax the strict inequality using Big M.</li></ul><h4>Objective Function:</h4><p>Minimize the total number of vehicles:
<span class=""katex""><span class=""katex-mathml""><math xmlns=""http://www.w3.org/1998/Math/MathML""><semantics><mrow><mtext>Minimize:&nbsp;</mtext><mi>b</mi><mi>u</mi><mi>s</mi><mi>e</mi><mi>s</mi><mo>+</mo><mi>c</mi><mi>a</mi><mi>r</mi><mi>s</mi></mrow><annotation encoding=""application/x-tex"">\text{Minimize: } buses + cars</annotation></semantics></math></span><span class=""katex-html"" aria-hidden=""true""><span class=""base""><span class=""strut"" style=""height: 0.7778em; vertical-align: -0.0833em;""></span><span class=""mord text""><span class=""mord"">Minimize:&nbsp;</span></span><span class=""mord mathnormal"">b</span><span class=""mord mathnormal"">u</span><span class=""mord mathnormal"">ses</span><span class=""mspace"" style=""margin-right: 0.2222em;""></span><span class=""mbin"">+</span><span class=""mspace"" style=""margin-right: 0.2222em;""></span></span><span class=""base""><span class=""strut"" style=""height: 0.4306em;""></span><span class=""mord mathnormal"">c</span><span class=""mord mathnormal"">a</span><span class=""mord mathnormal"">rs</span></span></span></span></p><h4>Constraints:</h4><ol><li><p><strong>Capacity Constraint</strong>: Ensure the total capacity of buses and cars meets or exceeds the minimum number of children:</p><span class=""katex-display"" style=""""><span class=""katex""><span class=""katex-mathml""><math xmlns=""http://www.w3.org/1998/Math/MathML"" display=""block""><semantics><mrow><mn>9</mn><mo>×</mo><mi>b</mi><mi>u</mi><mi>s</mi><mi>e</mi><mi>s</mi><mo>+</mo><mn>4</mn><mo>×</mo><mi>c</mi><mi>a</mi><mi>r</mi><mi>s</mi><mo>≥</mo><mn>100</mn></mrow><annotation encoding=""application/x-tex"">9 \times buses + 4 \times cars \geq 100</annotation></semantics></math></span><span class=""katex-html"" aria-hidden=""true""><span class=""base""><span class=""strut"" style=""height: 0.7278em; vertical-align: -0.0833em;""></span><span class=""mord"">9</span><span class=""mspace"" style=""margin-right: 0.2222em;""></span><span class=""mbin"">×</span><span class=""mspace"" style=""margin-right: 0.2222em;""></span></span><span class=""base""><span class=""strut"" style=""height: 0.7778em; vertical-align: -0.0833em;""></span><span class=""mord mathnormal"">b</span><span class=""mord mathnormal"">u</span><span class=""mord mathnormal"">ses</span><span class=""mspace"" style=""margin-right: 0.2222em;""></span><span class=""mbin"">+</span><span class=""mspace"" style=""margin-right: 0.2222em;""></span></span><span class=""base""><span class=""strut"" style=""height: 0.7278em; vertical-align: -0.0833em;""></span><span class=""mord"">4</span><span class=""mspace"" style=""margin-right: 0.2222em;""></span><span class=""mbin"">×</span><span class=""mspace"" style=""margin-right: 0.2222em;""></span></span><span class=""base""><span class=""strut"" style=""height: 0.7719em; vertical-align: -0.136em;""></span><span class=""mord mathnormal"">c</span><span class=""mord mathnormal"">a</span><span class=""mord mathnormal"">rs</span><span class=""mspace"" style=""margin-right: 0.2778em;""></span><span class=""mrel"">≥</span><span class=""mspace"" style=""margin-right: 0.2778em;""></span></span><span class=""base""><span class=""strut"" style=""height: 0.6444em;""></span><span class=""mord"">100</span></span></span></span></span></li><li><p><strong>Car Limit Constraint</strong>: Ensure that at least 5 personal cars are used:</p><span class=""katex-display""><span class=""katex""><span class=""katex-mathml""><math xmlns=""http://www.w3.org/1998/Math/MathML"" display=""block""><semantics><mrow><mi>c</mi><mi>a</mi><mi>r</mi><mi>s</mi><mo>≥</mo><mn>5</mn></mrow><annotation encoding=""application/x-tex"">cars \geq 5</annotation></semantics></math></span><span class=""katex-html"" aria-hidden=""true""><span class=""base""><span class=""strut"" style=""height: 0.7719em; vertical-align: -0.136em;""></span><span class=""mord mathnormal"">c</span><span class=""mord mathnormal"">a</span><span class=""mord mathnormal"" style="""">rs</span><span class=""mspace"" style=""margin-right: 0.2778em;""></span><span class=""mrel"">≥</span><span class=""mspace"" style=""margin-right: 0.2778em;""></span></span><span class=""base""><span class=""strut"" style=""height: 0.6444em;""></span><span class=""mord"">5</span></span></span></span></span></li><li><p><strong>Pollution Constraint</strong>: Ensure that the number of buses is strictly greater than the number of cars. We will relax this constraint using a Big M method with an auxiliary variable:</p><span class=""katex-display"" style=""""><span class=""katex""><span class=""katex-mathml""><math xmlns=""http://www.w3.org/1998/Math/MathML"" display=""block""><semantics><mrow><mi>b</mi><mi>u</mi><mi>s</mi><mi>e</mi><mi>s</mi><mo>≥</mo><mi>c</mi><mi>a</mi><mi>r</mi><mi>s</mi><mo>+</mo><mi>M</mi><mo>×</mo><mo stretchy=""false"">(</mo><mn>1</mn><mo>−</mo><mi>i</mi><mi>s</mi><mi mathvariant=""normal"">_</mi><mi>b</mi><mi>u</mi><mi>s</mi><mi>e</mi><mi>s</mi><mi mathvariant=""normal"">_</mi><mi>m</mi><mi>o</mi><mi>r</mi><mi>e</mi><mi mathvariant=""normal"">_</mi><mi>t</mi><mi>h</mi><mi>a</mi><mi>n</mi><mi mathvariant=""normal"">_</mi><mi>c</mi><mi>a</mi><mi>r</mi><mi>s</mi><mo stretchy=""false"">)</mo></mrow><annotation encoding=""application/x-tex"">buses \geq cars + M \times (1 - is\_buses\_more\_than\_cars)</annotation></semantics></math></span><span class=""katex-html"" aria-hidden=""true""><span class=""base""><span class=""strut"" style=""height: 0.8304em; vertical-align: -0.136em;""></span><span class=""mord mathnormal"">b</span><span class=""mord mathnormal"">u</span><span class=""mord mathnormal"">ses</span><span class=""mspace"" style=""margin-right: 0.2778em;""></span><span class=""mrel"">≥</span><span class=""mspace"" style=""margin-right: 0.2778em;""></span></span><span class=""base""><span class=""strut"" style=""height: 0.6667em; vertical-align: -0.0833em;""></span><span class=""mord mathnormal"">c</span><span class=""mord mathnormal"">a</span><span class=""mord mathnormal"">rs</span><span class=""mspace"" style=""margin-right: 0.2222em;""></span><span class=""mbin"">+</span><span class=""mspace"" style=""margin-right: 0.2222em;""></span></span><span class=""base""><span class=""strut"" style=""height: 0.7667em; vertical-align: -0.0833em;""></span><span class=""mord mathnormal"" style=""margin-right: 0.10903em;"">M</span><span class=""mspace"" style=""margin-right: 0.2222em;""></span><span class=""mbin"">×</span><span class=""mspace"" style=""margin-right: 0.2222em;""></span></span><span class=""base""><span class=""strut"" style=""height: 1em; vertical-align: -0.25em;""></span><span class=""mopen"">(</span><span class=""mord"">1</span><span class=""mspace"" style=""margin-right: 0.2222em;""></span><span class=""mbin"">−</span><span class=""mspace"" style=""margin-right: 0.2222em;""></span></span><span class=""base""><span class=""strut"" style=""height: 1.06em; vertical-align: -0.31em;""></span><span class=""mord mathnormal"">i</span><span class=""mord mathnormal"">s</span><span class=""mord"" style=""margin-right: 0.02778em;"">_</span><span class=""mord mathnormal"">b</span><span class=""mord mathnormal"">u</span><span class=""mord mathnormal"">ses</span><span class=""mord"" style=""margin-right: 0.02778em;"">_</span><span class=""mord mathnormal"">m</span><span class=""mord mathnormal"">ore</span><span class=""mord"" style=""margin-right: 0.02778em;"">_</span><span class=""mord mathnormal"">t</span><span class=""mord mathnormal"">han</span><span class=""mord"" style=""margin-right: 0.02778em;"">_</span><span class=""mord mathnormal"">c</span><span class=""mord mathnormal"">a</span><span class=""mord mathnormal"">rs</span><span class=""mclose"">)</span></span></span></span></span><p>where <code>M</code> is a sufficiently large constant, and <code>is_buses_more_than_cars</code> is a binary variable that equals 1 when the number of buses is greater than the number of cars, and 0 otherwise.</p></li><li><p><strong>Non-Negativity and Integer Constraints</strong>:</p><span class=""katex-display"" style=""""><span class=""katex""><span class=""katex-mathml""><math xmlns=""http://www.w3.org/1998/Math/MathML"" display=""block""><semantics><mrow><mi>b</mi><mi>u</mi><mi>s</mi><mi>e</mi><mi>s</mi><mo>≥</mo><mn>0</mn><mo separator=""true"">,</mo><mtext>&nbsp;integer</mtext></mrow><annotation encoding=""application/x-tex"">buses \geq 0, \text{ integer}</annotation></semantics></math></span><span class=""katex-html"" aria-hidden=""true""><span class=""base""><span class=""strut"" style=""height: 0.8304em; vertical-align: -0.136em;""></span><span class=""mord mathnormal"">b</span><span class=""mord mathnormal"">u</span><span class=""mord mathnormal"">ses</span><span class=""mspace"" style=""margin-right: 0.2778em;""></span><span class=""mrel"">≥</span><span class=""mspace"" style=""margin-right: 0.2778em;""></span></span><span class=""base""><span class=""strut"" style=""height: 0.8623em; vertical-align: -0.1944em;""></span><span class=""mord"">0</span><span class=""mpunct"">,</span><span class=""mspace"" style=""margin-right: 0.1667em;""></span><span class=""mord text""><span class=""mord"">&nbsp;integer</span></span></span></span></span></span>
<span class=""katex-display"" style=""""><span class=""katex""><span class=""katex-mathml""><math xmlns=""http://www.w3.org/1998/Math/MathML"" display=""block""><semantics><mrow><mi>c</mi><mi>a</mi><mi>r</mi><mi>s</mi><mo>≥</mo><mn>0</mn><mo separator=""true"">,</mo><mtext>&nbsp;integer</mtext></mrow><annotation encoding=""application/x-tex"">cars \geq 0, \text{ integer}</annotation></semantics></math></span><span class=""katex-html"" aria-hidden=""true""><span class=""base""><span class=""strut"" style=""height: 0.7719em; vertical-align: -0.136em;""></span><span class=""mord mathnormal"">c</span><span class=""mord mathnormal"">a</span><span class=""mord mathnormal"">rs</span><span class=""mspace"" style=""margin-right: 0.2778em;""></span><span class=""mrel"">≥</span><span class=""mspace"" style=""margin-right: 0.2778em;""></span></span><span class=""base""><span class=""strut"" style=""height: 0.8623em; vertical-align: -0.1944em;""></span><span class=""mord"">0</span><span class=""mpunct"">,</span><span class=""mspace"" style=""margin-right: 0.1667em;""></span><span class=""mord text""><span class=""mord"">&nbsp;integer</span></span></span></span></span></span>
<span class=""katex-display""><span class=""katex""><span class=""katex-mathml""><math xmlns=""http://www.w3.org/1998/Math/MathML"" display=""block""><semantics><mrow><mi>i</mi><mi>s</mi><mi mathvariant=""normal"">_</mi><mi>b</mi><mi>u</mi><mi>s</mi><mi>e</mi><mi>s</mi><mi mathvariant=""normal"">_</mi><mi>m</mi><mi>o</mi><mi>r</mi><mi>e</mi><mi mathvariant=""normal"">_</mi><mi>t</mi><mi>h</mi><mi>a</mi><mi>n</mi><mi mathvariant=""normal"">_</mi><mi>c</mi><mi>a</mi><mi>r</mi><mi>s</mi><mo>∈</mo><mo stretchy=""false"">{</mo><mn>0</mn><mo separator=""true"">,</mo><mn>1</mn><mo stretchy=""false"">}</mo></mrow><annotation encoding=""application/x-tex"">is\_buses\_more\_than\_cars \in \{0, 1\}</annotation></semantics></math></span><span class=""katex-html"" aria-hidden=""true""><span class=""base""><span class=""strut"" style=""height: 1.0044em; vertical-align: -0.31em;""></span><span class=""mord mathnormal"">i</span><span class=""mord mathnormal"">s</span><span class=""mord"" style=""margin-right: 0.02778em;"">_</span><span class=""mord mathnormal"">b</span><span class=""mord mathnormal"">u</span><span class=""mord mathnormal"">ses</span><span class=""mord"" style=""margin-right: 0.02778em;"">_</span><span class=""mord mathnormal"">m</span><span class=""mord mathnormal"">ore</span><span class=""mord"" style=""margin-right: 0.02778em;"">_</span><span class=""mord mathnormal"">t</span><span class=""mord mathnormal"">han</span><span class=""mord"" style=""margin-right: 0.02778em;"">_</span><span class=""mord mathnormal"">c</span><span class=""mord mathnormal"">a</span><span class=""mord mathnormal"">rs</span><span class=""mspace"" style=""margin-right: 0.2778em;""></span><span class=""mrel"">∈</span><span class=""mspace"" style=""margin-right: 0.2778em;""></span></span><span class=""base""><span class=""strut"" style=""height: 1em; vertical-align: -0.25em;""></span><span class=""mopen"">{</span><span class=""mord"">0</span><span class=""mpunct"">,</span><span class=""mspace"" style=""margin-right: 0.1667em;""></span><span class=""mord"">1</span><span class=""mclose"">}</span></span></span></span></span></li></ol><h3>Enhanced AMPL Code:</h3><pre class=""!overflow-visible""><div class=""contain-inline-size rounded-md border-[0.5px] border-token-border-medium relative bg-token-sidebar-surface-primary dark:bg-gray-950""><div class=""flex items-center text-token-text-secondary px-4 py-2 text-xs font-sans justify-between rounded-t-md h-9 bg-token-sidebar-surface-primary dark:bg-token-main-surface-secondary select-none"">AMPL</div><div class=""sticky top-9 md:top-[5.75rem]""><div class=""absolute bottom-0 right-2 flex h-9 items-center""><div class=""flex items-center rounded bg-token-sidebar-surface-primary px-2 font-sans text-xs text-token-text-secondary dark:bg-token-main-surface-secondary""><span class="""" data-state=""closed""><button class=""flex gap-1 items-center select-none py-1""><svg width=""24"" height=""24"" viewBox=""0 0 24 24"" fill=""none"" xmlns=""http://www.w3.org/2000/svg"" class=""icon-sm""><path fill-rule=""evenodd"" clip-rule=""evenodd"" d=""M7 5C7 3.34315 8.34315 2 10 2H19C20.6569 2 22 3.34315 22 5V14C22 15.6569 20.6569 17 19 17H17V19C17 20.6569 15.6569 22 14 22H5C3.34315 22 2 20.6569 2 19V10C2 8.34315 3.34315 7 5 7H7V5ZM9 7H14C15.6569 7 17 8.34315 17 10V15H19C19.5523 15 20 14.5523 20 14V5C20 4.44772 19.5523 4 19 4H10C9.44772 4 9 4.44772 9 5V7ZM5 9C4.44772 9 4 9.44772 4 10V19C4 19.5523 4.44772 20 5 20H14C14.5523 20 15 19.5523 15 19V10C15 9.44772 14.5523 9 14 9H5Z"" fill=""currentColor""></path></svg>复制代码</button></span></div></div></div><div class=""overflow-y-auto p-4"" dir=""ltr""><code class=""!whitespace-pre hljs language-AMPL""># Define decision variables
var buses &gt;= 0, integer;  # Number of buses
var cars &gt;= 0, integer;   # Number of cars
var is_buses_more_than_cars binary;  # Auxiliary binary variable

# Parameters
param min_children := 100;  # Minimum number of children to pick up
param bus_capacity := 9;    # Bus can carry 9 children
param car_capacity := 4;    # Car can carry 4 children
param min_cars := 5;        # At least 5 cars needed
param M := 1000;            # Large constant for Big M method

# Objective function: Minimize total vehicles
minimize TotalVehicles: buses + cars;

# Constraints
subject to CapacityConstraint:
    bus_capacity * buses + car_capacity * cars &gt;= min_children;

subject to CarLimitConstraint:
    cars &gt;= min_cars;

subject to PollutionConstraint:
    buses &gt;= cars + M * (1 - is_buses_more_than_cars);

# Non-negativity and binary variable constraints
subject to NonNegativityBuses: buses &gt;= 0;
subject to NonNegativityCars: cars &gt;= 0;

# Ensure binary variable is properly defined
subject to BinaryVariable: is_buses_more_than_cars in {0, 1};

</code></div></div></pre><h3>Enhanced Data:</h3><pre class=""!overflow-visible""><div class=""contain-inline-size rounded-md border-[0.5px] border-token-border-medium relative bg-token-sidebar-surface-primary dark:bg-gray-950""><div class=""flex items-center text-token-text-secondary px-4 py-2 text-xs font-sans justify-between rounded-t-md h-9 bg-token-sidebar-surface-primary dark:bg-token-main-surface-secondary select-none"">AMPL</div><div class=""sticky top-9 md:top-[5.75rem]""><div class=""absolute bottom-0 right-2 flex h-9 items-center""><div class=""flex items-center rounded bg-token-sidebar-surface-primary px-2 font-sans text-xs text-token-text-secondary dark:bg-token-main-surface-secondary""><span class="""" data-state=""closed""><button class=""flex gap-1 items-center select-none py-1""><svg width=""24"" height=""24"" viewBox=""0 0 24 24"" fill=""none"" xmlns=""http://www.w3.org/2000/svg"" class=""icon-sm""><path fill-rule=""evenodd"" clip-rule=""evenodd"" d=""M7 5C7 3.34315 8.34315 2 10 2H19C20.6569 2 22 3.34315 22 5V14C22 15.6569 20.6569 17 19 17H17V19C17 20.6569 15.6569 22 14 22H5C3.34315 22 2 20.6569 2 19V10C2 8.34315 3.34315 7 5 7H7V5ZM9 7H14C15.6569 7 17 8.34315 17 10V15H19C19.5523 15 20 14.5523 20 14V5C20 4.44772 19.5523 4 19 4H10C9.44772 4 9 4.44772 9 5V7ZM5 9C4.44772 9 4 9.44772 4 10V19C4 19.5523 4.44772 20 5 20H14C14.5523 20 15 19.5523 15 19V10C15 9.44772 14.5523 9 14 9H5Z"" fill=""currentColor""></path></svg>复制代码</button></span></div></div></div><div class=""overflow-y-auto p-4"" dir=""ltr""><code class=""!whitespace-pre hljs language-AMPL""># Data for the model
param min_children := 100;  # At least 100 children
param bus_capacity := 9;    # Bus can carry 9 children
param car_capacity := 4;    # Car can carry 4 children
param min_cars := 5;        # At least 5 cars needed
param M := 1000;            # Large constant for Big M method
</code></div></div></pre><h3>Enhanced Definition:</h3><p>The enhanced mathematical model now includes:</p><ul><li>The <strong>Big M method</strong> for handling the strict inequality in the pollution constraint. The binary variable <code>is_buses_more_than_cars</code> helps manage the flexibility of the constraint, while <code>M</code> is a large constant to enforce the condition when needed.</li><li>The <strong>auxiliary binary variable</strong> ensures the strict inequality <code>buses &gt; cars</code> is respected when the binary variable is activated.</li><li>The constraints and the objective function remain largely the same, but the strict inequality is now relaxed using a binary variable, making it easier to solve while still capturing the original intention of the problem.</li></ul><h3>Summary:</h3><p>The model now uses a binary variable (<code>is_buses_more_than_cars</code>) and</p></div>"
